date,scan_time,ticker,pm_price,prev_close,gap_pct,pm_volume,notable_gap,rsi,macd_signal,tech_source,market_regime,event_name
2026-09-29,15:36 BST,ABLV,1.75,1.6046,9.06,128280,True,,,unavailable,Unknown,None
2026-09-29,15:36 BST,ADTX,0.0044,0.0041,7.32,20472,True,,,unavailable,Unknown,None
2026-09-29,15:36 BST,ADXN,2.78,2.61,6.51,16349,True,,,unavailable,Unknown,None
2026-09-29,15:36 BST,APRE,0.7999,0.76,5.25,89466,True,,,unavailable,Unknown,None
2026-09-29,15:36 BST,ARCT,14.37,13.6789,5.05,16291,True,,,unavailable,Unknown,None
2026-09-29,15:36 BST,ABOS,2.295,2.19,4.79,31169,True,,,unavailable,Unknown,None
2026-09-29,15:36 BST,AMAT,505.43,485.5,4.11,400167,True,,,unavailable,Unknown,None
2026-09-29,15:36 BST,AEHR,100.9394,98.0,3.0,92468,True,,,unavailable,Unknown,None
2026-09-29,15:36 BST,AMKR,54.44,52.89,2.93,82540,True,,,unavailable,Unknown,None
2026-09-29,15:36 BST,ATI,185.7,180.67,2.78,86873,True,,,unavailable,Unknown,None
2026-09-29,15:36 BST,ADPT,29.3125,28.52,2.78,35161,True,,,unavailable,Unknown,None
2026-09-29,15:36 BST,AMSC,30.04,29.34,2.39,14387,True,,,unavailable,Unknown,None
2026-09-29,15:36 BST,ASML,1808.89,1768.4812,2.28,107277,True,,,unavailable,Unknown,None
2026-09-29,15:36 BST,ASST,29.76,29.1,2.27,305332,True,,,unavailable,Unknown,None
2026-09-29,15:36 BST,AMPG,3.22,3.149,2.25,14459,True,,,unavailable,Unknown,None
2026-09-29,15:36 BST,ABCL,14.2525,13.9415,2.23,363679,True,,,unavailable,Unknown,None
2026-09-29,15:36 BST,ACMR,78.095,76.39,2.23,32427,True,,,unavailable,Unknown,None
2026-09-29,15:36 BST,ALGT,77.565,75.9593,2.11,14116,True,,,unavailable,Unknown,None
2026-09-29,15:36 BST,AKAM,110.6977,108.55,1.98,170690,False,,,unavailable,Unknown,None
2026-09-29,15:36 BST,ALM,13.5,13.24,1.96,519316,False,,,unavailable,Unknown,None
2026-09-29,15:36 BST,ALMS,7.235,7.1,1.9,21469,False,,,unavailable,Unknown,None
2026-09-29,15:36 BST,AAOI,97.7,95.9289,1.85,516586,False,,,unavailable,Unknown,None
2026-09-29,15:36 BST,ARCO,7.25,7.12,1.83,24572,False,,,unavailable,Unknown,None
2026-09-29,15:36 BST,ARAI,0.1979,0.1945,1.75,23792,False,,,unavailable,Unknown,None
2026-09-29,15:36 BST,AAON,86.825,85.5,1.55,18849,False,,,unavailable,Unknown,None
2026-09-29,15:36 BST,ADTN,6.86,6.7616,1.46,10807,False,,,unavailable,Unknown,None
2026-09-29,15:36 BST,AQST,4.7161,4.6501,1.42,20056,False,,,unavailable,Unknown,None
2026-09-29,15:36 BST,ALGM,37.5,37.0,1.35,26063,False,,,unavailable,Unknown,None
2026-09-29,15:36 BST,AIXI,1.611,1.59,1.32,54399,False,,,unavailable,Unknown,None
2026-09-29,15:36 BST,AOSL,27.81,27.45,1.31,16740,False,,,unavailable,Unknown,None
2026-09-29,15:36 BST,AAL,13.71,13.54,1.26,883804,False,,,unavailable,Unknown,None
2026-09-29,15:36 BST,ACHC,28.25,27.91,1.22,10124,False,,,unavailable,Unknown,None
2026-09-29,15:36 BST,AEM,185.63,183.4,1.22,37315,False,,,unavailable,Unknown,None
2026-09-29,15:36 BST,ACXP,1.35,1.3337,1.22,24370,False,,,unavailable,Unknown,None
2026-09-29,15:36 BST,ARM,289.28,285.86,1.2,496508,False,,,unavailable,Unknown,None
2026-09-29,15:36 BST,ABSI,9.6053,9.5,1.11,46062,False,,,unavailable,Unknown,None
2026-09-29,15:36 BST,AMBA,69.0,68.24,1.11,14935,False,,,unavailable,Unknown,None
2026-09-29,15:36 BST,ALXO,1.385,1.37,1.09,74351,False,,,unavailable,Unknown,None
2026-09-29,15:36 BST,ADI,400.345,396.18,1.05,57450,False,,,unavailable,Unknown,None
2026-09-29,15:36 BST,AN,162.965,161.36,0.99,13094,False,,,unavailable,Unknown,None
2026-09-29,15:36 BST,AGEN,9.66,9.5848,0.78,49077,False,,,unavailable,Unknown,None
2026-09-29,15:36 BST,AG,18.1,17.96,0.78,225925,False,,,unavailable,Unknown,None
2026-09-29,15:36 BST,AEO,17.41,17.2846,0.73,122741,False,,,unavailable,Unknown,None
2026-09-29,15:36 BST,ALAB,354.8,352.4033,0.68,118950,False,,,unavailable,Unknown,None
2026-09-29,15:36 BST,APTV,43.92,43.64,0.64,15795,False,,,unavailable,Unknown,None
2026-09-29,15:36 BST,AIG,73.23,72.78,0.62,80478,False,,,unavailable,Unknown,None
2026-09-29,15:36 BST,ABUS,4.86,4.83,0.62,457209,False,,,unavailable,Unknown,None
2026-09-29,15:36 BST,AMD,614.0,610.3,0.61,897370,False,,,unavailable,Unknown,None
2026-09-29,15:36 BST,ACAD,20.37,20.2511,0.59,35444,False,,,unavailable,Unknown,None
2026-09-29,15:36 BST,ASPN,5.22,5.19,0.58,20614,False,,,unavailable,Unknown,None
2026-09-29,15:36 BST,ASC,18.24,18.138,0.56,10413,False,,,unavailable,Unknown,None
2026-09-29,15:36 BST,AFRM,67.96,67.6,0.53,81403,False,,,unavailable,Unknown,None
2026-09-29,15:36 BST,ACM,59.475,59.1687,0.52,14848,False,,,unavailable,Unknown,None
2026-09-29,15:36 BST,AA,42.43,42.23,0.47,77870,False,,,unavailable,Unknown,None
2026-09-29,15:36 BST,APP,310.1656,308.72,0.47,119890,False,,,unavailable,Unknown,None
2026-09-29,15:36 BST,ASAN,8.64,8.6,0.47,69140,False,,,unavailable,Unknown,None
2026-09-29,15:36 BST,AKBA,0.8941,0.89,0.46,10843,False,,,unavailable,Unknown,None
2026-09-29,15:36 BST,AME,251.95,250.929,0.41,14706,False,,,unavailable,Unknown,None
2026-09-29,15:36 BST,ALH,21.96,21.87,0.41,55324,False,,,unavailable,Unknown,None
2026-09-29,15:36 BST,AGI,33.02,32.89,0.4,37016,False,,,unavailable,Unknown,None
2026-09-29,15:36 BST,ALK,40.0,39.85,0.38,70491,False,,,unavailable,Unknown,None
2026-09-29,15:36 BST,APLE,16.275,16.2126,0.38,36415,False,,,unavailable,Unknown,None
2026-09-29,15:36 BST,ASO,48.79,48.61,0.37,11648,False,,,unavailable,Unknown,None
2026-09-29,15:36 BST,APPS,11.26,11.22,0.36,60157,False,,,unavailable,Unknown,None
2026-09-29,15:36 BST,APLD,24.83,24.75,0.32,676929,False,,,unavailable,Unknown,None
2026-09-29,15:36 BST,AMRZ,38.155,38.05,0.28,254900,False,,,unavailable,Unknown,None
2026-09-29,15:36 BST,APO,119.31,119.0,0.26,17426,False,,,unavailable,Unknown,None
2026-09-29,15:36 BST,AHR,52.03,51.9,0.25,22806,False,,,unavailable,Unknown,None
2026-09-29,15:36 BST,ATLX,2.535,2.53,0.2,16753,False,,,unavailable,Unknown,None
2026-09-29,15:36 BST,ABEO,5.3,5.29,0.19,14976,False,,,unavailable,Unknown,None
2026-09-29,15:36 BST,ALC,65.37,65.26,0.17,39647,False,,,unavailable,Unknown,None
2026-09-29,15:36 BST,ARI,6.2,6.19,0.16,67293,False,,,unavailable,Unknown,None
2026-09-29,15:36 BST,ADSK,205.265,205.0,0.13,32840,False,,,unavailable,Unknown,None
2026-09-29,15:36 BST,ADBE,231.72,231.42,0.13,90629,False,,,unavailable,Unknown,None
2026-09-29,15:36 BST,ALRM,53.83,53.77,0.11,10976,False,,,unavailable,Unknown,None
2026-09-29,15:36 BST,AAP,40.05,40.01,0.1,25532,False,,,unavailable,Unknown,None
2026-09-29,15:36 BST,AMX,21.675,21.66,0.07,12885,False,,,unavailable,Unknown,None
2026-09-29,15:36 BST,ASB,28.98,28.96,0.07,23290,False,,,unavailable,Unknown,None
2026-09-29,15:36 BST,ALV,114.105,114.03,0.07,265313,False,,,unavailable,Unknown,None
2026-09-29,15:36 BST,AGNC,9.4555,9.4498,0.06,777099,False,,,unavailable,Unknown,None
2026-09-29,15:36 BST,ALKS,39.915,39.9,0.04,15594,False,,,unavailable,Unknown,None
2026-09-29,15:36 BST,ABEV,2.88,2.8792,0.03,404148,False,,,unavailable,Unknown,None
2026-09-29,15:36 BST,ARX,19.74,19.74,-0.0,36045,False,,,unavailable,Unknown,None
2026-09-29,15:36 BST,ALDX,1.2,1.2,0.0,137453,False,,,unavailable,Unknown,None
2026-09-29,15:36 BST,AMPX,9.5703,9.5719,-0.02,272615,False,,,unavailable,Unknown,None
2026-09-29,15:36 BST,AMC,3.2692,3.27,-0.02,1353469,False,,,unavailable,Unknown,None
2026-09-29,15:36 BST,ACN,173.96,174.0439,-0.05,66999,False,,,unavailable,Unknown,None
2026-09-29,15:36 BST,AMN,34.24,34.26,-0.06,10894,False,,,unavailable,Unknown,None
2026-09-29,15:36 BST,AES,14.86,14.87,-0.07,58815,False,,,unavailable,Unknown,None
2026-09-29,15:36 BST,AMCR,42.76,42.79,-0.07,22587,False,,,unavailable,Unknown,None
2026-09-29,15:36 BST,AS,27.595,27.62,-0.09,29868,False,,,unavailable,Unknown,None
2026-09-29,15:36 BST,ASX,43.85,43.9,-0.11,153905,False,,,unavailable,Unknown,None
2026-09-29,15:36 BST,ANET,204.7,205.01,-0.15,86858,False,,,unavailable,Unknown,None
2026-09-29,15:36 BST,ACI,11.635,11.6526,-0.15,90621,False,,,unavailable,Unknown,None
2026-09-29,15:36 BST,ARWR,65.34,65.46,-0.18,179095,False,,,unavailable,Unknown,None
2026-09-29,15:36 BST,ARCC,19.19,19.23,-0.21,199031,False,,,unavailable,Unknown,None
2026-09-29,15:36 BST,ACVA,10.435,10.46,-0.24,8591377,False,,,unavailable,Unknown,None
2026-09-29,15:36 BST,AESI,12.27,12.3,-0.24,40063,False,,,unavailable,Unknown,None
2026-09-29,15:36 BST,ARTL,4.22,4.23,-0.24,14944,False,,,unavailable,Unknown,None
2026-09-29,15:36 BST,ARQT,27.2625,27.33,-0.25,15609,False,,,unavailable,Unknown,None
2026-09-29,15:36 BST,AMGN,418.12,419.19,-0.26,728435,False,,,unavailable,Unknown,None
2026-09-29,15:36 BST,ATEN,25.52,25.59,-0.27,20266,False,,,unavailable,Unknown,None
2026-09-29,15:36 BST,ACGL,94.49,94.76,-0.28,16527,False,,,unavailable,Unknown,None
2026-09-29,15:36 BST,ABT,100.585,100.9,-0.31,61630,False,,,unavailable,Unknown,None
2026-09-29,15:36 BST,ARXS,48.29,48.44,-0.31,43104,False,,,unavailable,Unknown,None
2026-09-29,15:36 BST,ARR,13.995,14.04,-0.32,88886,False,,,unavailable,Unknown,None
2026-09-29,15:36 BST,AEE,99.07,99.39,-0.32,61407,False,,,unavailable,Unknown,None
2026-09-29,15:36 BST,APH,85.125,85.42,-0.35,250868,False,,,unavailable,Unknown,None
2026-09-29,15:36 BST,AIV,2.132,2.14,-0.37,14697,False,,,unavailable,Unknown,None
2026-09-29,15:36 BST,APD,277.725,278.75,-0.37,10772,False,,,unavailable,Unknown,None
2026-09-29,15:36 BST,ARE,48.475,48.66,-0.38,12328,False,,,unavailable,Unknown,None
2026-09-29,15:36 BST,ARVN,7.48,7.51,-0.4,13680,False,,,unavailable,Unknown,None
2026-09-29,15:36 BST,ADP,260.015,261.1,-0.42,191530,False,,,unavailable,Unknown,None
2026-09-29,15:36 BST,ADC,67.01,67.3,-0.43,12664,False,,,unavailable,Unknown,None
2026-09-29,15:36 BST,ALHC,7.845,7.88,-0.44,45706,False,,,unavailable,Unknown,None
2026-09-29,15:36 BST,AON,270.86,272.1,-0.46,77829,False,,,unavailable,Unknown,None
2026-09-29,15:36 BST,ADT,6.175,6.2052,-0.49,57458,False,,,unavailable,Unknown,None
2026-09-29,15:36 BST,ALB,107.32,107.845,-0.49,36971,False,,,unavailable,Unknown,None
2026-09-29,15:36 BST,AADX,12.18,12.24,-0.49,31149,False,,,unavailable,Unknown,None
2026-09-29,15:36 BST,ALMR,32.43,32.61,-0.55,20836,False,,,unavailable,Unknown,None
2026-09-29,15:36 BST,ARDX,3.42,3.44,-0.58,58170,False,,,unavailable,Unknown,None
2026-09-29,15:36 BST,AMT,166.985,168.0,-0.6,32829,False,,,unavailable,Unknown,None
2026-09-29,15:36 BST,ALLO,1.62,1.63,-0.61,196346,False,,,unavailable,Unknown,None
2026-09-29,15:36 BST,AFL,112.82,113.55,-0.64,25318,False,,,unavailable,Unknown,None
2026-09-29,15:36 BST,ADMA,10.07,10.14,-0.69,41207,False,,,unavailable,Unknown,None
2026-09-29,15:36 BST,AKAN,2.82,2.84,-0.7,11787,False,,,unavailable,Unknown,None
2026-09-29,15:36 BST,AROC,30.315,30.55,-0.77,15849,False,,,unavailable,Unknown,None
2026-09-29,15:36 BST,AR,34.04,34.31,-0.79,53019,False,,,unavailable,Unknown,None
2026-09-29,15:36 BST,AMPH,27.17,27.39,-0.8,12242,False,,,unavailable,Unknown,None
2026-09-29,15:36 BST,AREC,1.835,1.85,-0.81,13186,False,,,unavailable,Unknown,None
2026-09-29,15:36 BST,AMTM,18.44,18.6,-0.86,18413,False,,,unavailable,Unknown,None
2026-09-29,15:36 BST,AM,20.54,20.7212,-0.87,131384,False,,,unavailable,Unknown,None
2026-09-29,15:36 BST,ACIW,48.72,49.16,-0.9,17064,False,,,unavailable,Unknown,None
2026-09-29,15:36 BST,ACET,6.4,6.46,-0.93,56711,False,,,unavailable,Unknown,None
2026-09-29,15:36 BST,ABNB,154.6,156.0712,-0.94,50199,False,,,unavailable,Unknown,None
2026-09-29,15:36 BST,AJG,227.105,229.46,-1.03,10941,False,,,unavailable,Unknown,None
2026-09-29,15:36 BST,ALL,225.31,227.7532,-1.07,143782,False,,,unavailable,Unknown,None
2026-09-29,15:36 BST,AEP,117.6423,118.94,-1.09,57064,False,,,unavailable,Unknown,None
2026-09-29,15:36 BST,ABVX,95.53,96.68,-1.19,39752,False,,,unavailable,Unknown,None
2026-09-29,15:36 BST,ALKT,13.325,13.49,-1.22,18787,False,,,unavailable,Unknown,None
2026-09-29,15:36 BST,AIM,0.182,0.1843,-1.25,161454,False,,,unavailable,Unknown,None
2026-09-29,15:36 BST,ATO,156.11,158.29,-1.38,15262,False,,,unavailable,Unknown,None
2026-09-29,15:36 BST,AIB,1.645,1.6685,-1.41,134938,False,,,unavailable,Unknown,None
2026-09-29,15:36 BST,AHCO,5.59,5.67,-1.41,14349,False,,,unavailable,Unknown,None
2026-09-29,15:36 BST,ARTV,7.05,7.1521,-1.43,21486,False,,,unavailable,Unknown,None
2026-09-29,15:36 BST,ANNX,3.95,4.01,-1.5,33602,False,,,unavailable,Unknown,None
2026-09-29,15:36 BST,APA,41.68,42.33,-1.54,83924,False,,,unavailable,Unknown,None
2026-09-29,15:36 BST,ADCT,1.25,1.27,-1.57,13243,False,,,unavailable,Unknown,None
2026-09-29,15:36 BST,ALT,2.96,3.01,-1.66,69145,False,,,unavailable,Unknown,None
2026-09-29,15:36 BST,AQN,4.92,5.0032,-1.66,54956,False,,,unavailable,Unknown,None
2026-09-29,15:36 BST,ALMU,12.9,13.12,-1.68,27210,False,,,unavailable,Unknown,None
2026-09-29,15:36 BST,AMRX,20.36,20.75,-1.88,157496,False,,,unavailable,Unknown,None
2026-09-29,15:36 BST,ABVC,1.02,1.04,-1.92,60358,False,,,unavailable,Unknown,None
2026-09-29,15:36 BST,AGRO,9.87,10.07,-1.99,11733,False,,,unavailable,Unknown,None
2026-09-29,15:36 BST,ANAB,50.76,51.79,-1.99,11199,False,,,unavailable,Unknown,None
2026-09-29,15:36 BST,ADM,78.78,80.4,-2.01,430502,True,,,unavailable,Unknown,None
2026-09-29,15:36 BST,AEG,8.78,8.97,-2.12,95155,True,,,unavailable,Unknown,None
2026-09-29,15:36 BST,ASH,67.465,68.95,-2.15,11932,True,,,unavailable,Unknown,None
2026-09-29,15:36 BST,ACHV,7.735,7.91,-2.21,21433,True,,,unavailable,Unknown,None
2026-09-29,15:36 BST,AIR,117.0,119.94,-2.45,56750,True,,,unavailable,Unknown,None
2026-09-29,15:36 BST,AIRS,1.85,1.9,-2.63,10967,True,,,unavailable,Unknown,None
2026-09-29,15:36 BST,ABR,3.965,4.0799,-2.82,140798,True,,,unavailable,Unknown,None
2026-09-29,15:36 BST,AMTX,1.83,1.91,-4.19,27046,True,,,unavailable,Unknown,None
2026-09-29,15:36 BST,ALZN,1.7452,1.83,-4.63,14589,True,,,unavailable,Unknown,None
2026-09-29,15:36 BST,ACIU,2.65,2.7911,-5.06,12938,True,,,unavailable,Unknown,None
2026-09-29,15:36 BST,AOMR,7.465,7.8915,-5.4,13577,True,,,unavailable,Unknown,None
2026-09-29,15:36 BST,AMSS,0.6094,0.6625,-8.02,159240,True,,,unavailable,Unknown,None
2026-09-29,15:36 BST,APUS,5.9263,6.66,-11.02,349976,True,,,unavailable,Unknown,None
